scraped_at,text,type,url
2026-10-04T11:11:49.349296,"ShadowFox turns learning into employability through structured programs, premium mentorship, and proof-driven career assets.",paragraph,
2026-10-04T11:11:49.349326,Designed for high-signal learning,paragraph,
2026-10-04T11:11:49.349333,Structured programs with proof of work built in.,paragraph,
2026-10-04T11:11:49.349338,High-signal learning paths for ambitious learners.,paragraph,
2026-10-04T11:11:49.349344,A growing community of students and achievers.,paragraph,
2026-10-04T11:11:49.349346,Trusted by students from top institutions,paragraph,
2026-10-04T11:11:49.349350,Real experiences from learners who transformed their careers with ShadowFox programs.,paragraph,
2026-10-04T11:11:49.349355,"“This is the best internship I have done so far. It is entirely based on practical and real-world tasks, which provided me with invaluable hands-on experience. I truly enjoyed the journey!”",paragraph,
2026-10-04T11:11:49.349360,"“My experience was incredibly valuable. Working on diverse UI/UX projects allowed me to apply my design skills in real-world scenarios, enhancing my understanding of user-centered design principles.”",paragraph,
2026-10-04T11:11:49.349364,"“The internship at ShadowFox is simply amazing and one of a kind. Here, important skills can be acquired by the end of the tasks. With dedication, you will unleash your potential.”",paragraph,
2026-10-04T11:11:49.349367,“The ShadowFox Virtual Internship program has been an incredibly rewarding experience. Working on real-world projects allowed me to enhance my technical skills significantly.”,paragraph,
2026-10-04T11:11:49.349371,“My experience was truly transformative. ShadowFox provided a supportive and intellectually stimulating environment that bridged the gap between theoretical knowledge and practical implementation.”,paragraph,
2026-10-04T11:11:49.349374,"“My experience was amazing. The tasks assigned were hands-on and really diverse, presenting various unique challenges in various domains of cybersec. The mentors were really supportive.”",paragraph,
2026-10-04T11:11:49.349378,"“This is the best internship I have done so far. It is entirely based on practical and real-world tasks, which provided me with invaluable hands-on experience. I truly enjoyed the journey!”",paragraph,
2026-10-04T11:11:49.349381,"“My experience was incredibly valuable. Working on diverse UI/UX projects allowed me to apply my design skills in real-world scenarios, enhancing my understanding of user-centered design principles.”",paragraph,
2026-10-04T11:11:49.349385,"“The internship at ShadowFox is simply amazing and one of a kind. Here, important skills can be acquired by the end of the tasks. With dedication, you will unleash your potential.”",paragraph,
2026-10-04T11:11:49.349388,“The ShadowFox Virtual Internship program has been an incredibly rewarding experience. Working on real-world projects allowed me to enhance my technical skills significantly.”,paragraph,
2026-10-04T11:11:49.349392,“My experience was truly transformative. ShadowFox provided a supportive and intellectually stimulating environment that bridged the gap between theoretical knowledge and practical implementation.”,paragraph,
2026-10-04T11:11:49.349395,"“My experience was amazing. The tasks assigned were hands-on and really diverse, presenting various unique challenges in various domains of cybersec. The mentors were really supportive.”",paragraph,
2026-10-04T11:11:49.349399,"“This is the best internship I have done so far. It is entirely based on practical and real-world tasks, which provided me with invaluable hands-on experience. I truly enjoyed the journey!”",paragraph,
2026-10-04T11:11:49.349406,"“My experience was incredibly valuable. Working on diverse UI/UX projects allowed me to apply my design skills in real-world scenarios, enhancing my understanding of user-centered design principles.”",paragraph,
2026-10-04T11:11:49.349410,"“The internship at ShadowFox is simply amazing and one of a kind. Here, important skills can be acquired by the end of the tasks. With dedication, you will unleash your potential.”",paragraph,
2026-10-04T11:11:49.349413,“The ShadowFox Virtual Internship program has been an incredibly rewarding experience. Working on real-world projects allowed me to enhance my technical skills significantly.”,paragraph,
2026-10-04T11:11:49.349416,“My experience was truly transformative. ShadowFox provided a supportive and intellectually stimulating environment that bridged the gap between theoretical knowledge and practical implementation.”,paragraph,
2026-10-04T11:11:49.349424,"“My experience was amazing. The tasks assigned were hands-on and really diverse, presenting various unique challenges in various domains of cybersec. The mentors were really supportive.”",paragraph,
2026-10-04T11:11:49.349429,"We believe education should be accessible to everyone. Through our charity initiatives, we sponsor underprivileged students, provide free learning resources, and partner with NGOs to bridge the digital divide.",paragraph,
2026-10-04T11:11:49.349434,"Join our Campus Ambassador program and become a leader at your institution. Represent ShadowFox, organize events, and unlock exclusive benefits while building your professional network.",paragraph,
2026-10-04T11:11:49.349436,"Empowering students with industry-ready skills, verified credentials, and career-focused programs.",paragraph,
2026-10-04T11:11:49.349438,Operated by ZAPPIER SHADOWFOX TECHNOLOGIES LLP.,paragraph,
2026-10-04T11:11:49.349441,We sponsor underprivileged students and partner with NGOs to make education accessible to all.,paragraph,
2026-10-04T11:11:49.349443,"Represent ShadowFox at your campus, organize events, and unlock exclusive perks.",paragraph,
2026-10-04T11:11:49.349447,©2026ShadowFox. All rights reserved.,paragraph,
2026-10-04T11:11:49.350553,A Learning Brandbuilt for outcomes.,heading_h1,
2026-10-04T11:11:49.350562,Hear From OurSuccess Stories,heading_h2,
2026-10-04T11:11:49.350565,Chetan Yadav,heading_h4,
2026-10-04T11:11:49.350568,Anushka Nair,heading_h4,
2026-10-04T11:11:49.350571,Patrick Udegor,heading_h4,
2026-10-04T11:11:49.350573,Prarthana R Karanth,heading_h4,
2026-10-04T11:11:49.350576,Shuban V Rao,heading_h4,
2026-10-04T11:11:49.350578,Rashi Sharma,heading_h4,
2026-10-04T11:11:49.350580,Chetan Yadav,heading_h4,
2026-10-04T11:11:49.350587,Anushka Nair,heading_h4,
2026-10-04T11:11:49.350589,Patrick Udegor,heading_h4,
2026-10-04T11:11:49.350592,Prarthana R Karanth,heading_h4,
2026-10-04T11:11:49.350594,Shuban V Rao,heading_h4,
2026-10-04T11:11:49.350596,Rashi Sharma,heading_h4,
2026-10-04T11:11:49.350598,Chetan Yadav,heading_h4,
2026-10-04T11:11:49.350601,Anushka Nair,heading_h4,
2026-10-04T11:11:49.350603,Patrick Udegor,heading_h4,
2026-10-04T11:11:49.350605,Prarthana R Karanth,heading_h4,
2026-10-04T11:11:49.350608,Shuban V Rao,heading_h4,
2026-10-04T11:11:49.350610,Rashi Sharma,heading_h4,
2026-10-04T11:11:49.350612,ShadowFox for Good,heading_h2,
2026-10-04T11:11:49.350615,Campus Ambassadors,heading_h2,
2026-10-04T11:11:49.350617,Explore,heading_h4,
2026-10-04T11:11:49.350623,Contact,heading_h4,
2026-10-04T11:11:49.350638,Charity,heading_h4,
2026-10-04T11:11:49.350645,Campus Ambassadors,heading_h4,
2026-10-04T11:11:49.351265,Register,link,https://forms.gle/s2sxbLVDF7mJEUcu8
2026-10-04T11:11:49.351283,Register,link,https://forms.gle/s2sxbLVDF7mJEUcu8
2026-10-04T11:11:49.351289,Register Now,link,https://forms.gle/s2sxbLVDF7mJEUcu8
2026-10-04T11:11:49.351294,Support Our Mission,link,https://forms.gle/s2sxbLVDF7mJEUcu8
2026-10-04T11:11:49.351297,Become an Ambassador,link,https://forms.gle/SLVzxry3nijcgwVc8
2026-10-04T11:11:49.351302,LinkedIn,link,https://www.linkedin.com/company/shadowfoxinfo/
2026-10-04T11:11:49.351305,Join the community,link,https://chat.whatsapp.com/CSSYJi4Q3C1GMiwvfRB19Y
2026-10-04T11:11:49.351320,Apply Now,link,https://forms.gle/SLVzxry3nijcgwVc8
