Match No.,Innings,Team,Player Name,BallCount,Position,Pick,Throw,Runs,Overcount,Venue,Stadium,CP,GT,C,DC,ST,RO,MRO,DH,RS
IPL2367,1,Delhi Capitals,Rilee Russouw,0.1,Short mid wicket,n,,1,1,Delhi,Arun Jaitley Stadium,0,0,0,0,0,0,0,0,1
IPL2367,1,Delhi Capitals,Phil Salt,0.2,Wicket keeper,Y,Y,,1,Delhi,Arun Jaitley Stadium,1,1,0,0,0,0,0,0,0
IPL2367,1,Delhi Capitals,Yash Dhull,0.3,Covers,Y,Y,,1,Delhi,Arun Jaitley Stadium,1,1,0,0,0,0,0,0,0
IPL2367,1,Delhi Capitals,Axar Patel,0.4,Point,Y,Y,,1,Delhi,Arun Jaitley Stadium,1,1,0,0,0,0,0,0,0
IPL2367,1,Delhi Capitals,Lalit Yadav,0.6,Cover point,Y,Y,,1,Delhi,Arun Jaitley Stadium,1,1,0,0,0,0,0,0,0
IPL2367,1,Delhi Capitals,Aman Khan,1.1,Long off,Y,Y,,2,Delhi,Arun Jaitley Stadium,1,1,0,0,0,0,0,0,0
IPL2367,1,Delhi Capitals,Kuldeep Yadav,1.3,Short mid wicket,Y,,,2,Delhi,Arun Jaitley Stadium,1,0,0,0,0,0,0,0,0
IPL2367,1,Delhi Capitals,Kuldeep Yadav,1.5,Point,Y,Y,,2,Delhi,Arun Jaitley Stadium,1,1,0,0,0,0,0,0,0
IPL2367,1,Delhi Capitals,Lalit Yadav,1.6,Bowler,Y,,,2,Delhi,Arun Jaitley Stadium,1,0,0,0,0,0,0,0,0
